{"ShopSales":[{"ShopName":"Shop1","Quantity":415,"Product":"Product 29","CustomerName":"Johnson, Erico & Co CPA's"},{"ShopName":"Shop1","Quantity":231,"Product":"Product 47","CustomerName":"Gordon & Son Brockerage Ltd."},{"ShopName":"Shop1","Quantity":790,"Product":"Product 34","CustomerName":"Acme Chemical Supply"},{"ShopName":"Shop1","Quantity":886,"Product":"Product 36","CustomerName":"Truck-X Muffler Repair"},{"ShopName":"Shop1","Quantity":783,"Product":"Product 45","CustomerName":"Truck-X Muffler Repair"},{"ShopName":"Shop1","Quantity":972,"Product":"Product 47","CustomerName":"Lee Stairworks and Carpentry,"},{"ShopName":"Shop1","Quantity":884,"Product":"Product 45","CustomerName":"Lambert & Locke Legal Services"},{"ShopName":"Shop1","Quantity":730,"Product":"Product 44","CustomerName":"Gourmet the Frog"},{"ShopName":"Shop1","Quantity":692,"Product":"Product 48","CustomerName":"Elm Place Business Supplies"},{"ShopName":"Shop1","Quantity":404,"Product":"Product 3","CustomerName":"Truck-X Muffler Repair"},{"ShopName":"Shop1","Quantity":230,"Product":"Product 23","CustomerName":"George Lee Antiques"},{"ShopName":"Shop1","Quantity":834,"Product":"Product 4","CustomerName":"DBN Bank"},{"ShopName":"Shop1","Quantity":668,"Product":"Product 20","CustomerName":"Pivot Point College"},{"ShopName":"Shop1","Quantity":328,"Product":"Product 24","CustomerName":"Arthur M. Feildberg Galleries"},{"ShopName":"Shop1","Quantity":366,"Product":"Product 30","CustomerName":"Cradle the Call"},{"ShopName":"Shop1","Quantity":409,"Product":"Product 31","CustomerName":"Johnson, Erico & Co CPA's"},{"ShopName":"Shop1","Quantity":843,"Product":"Product 50","CustomerName":"Shaggy's Grooming Services"},{"ShopName":"Shop1","Quantity":993,"Product":"Product 41","CustomerName":"Mergenthaler Inc."},{"ShopName":"Shop1","Quantity":364,"Product":"Product 25","CustomerName":"Bill's Dive Shop"},{"ShopName":"Shop1","Quantity":718,"Product":"Product 41","CustomerName":"Parties Galore Golf Course"},{"ShopName":"Shop1","Quantity":763,"Product":"Product 17","CustomerName":"Resnick DDS"},{"ShopName":"Shop1","Quantity":668,"Product":"Product 35","CustomerName":"Metro Appliance Service"},{"ShopName":"Shop1","Quantity":319,"Product":"Product 22","CustomerName":"Nyman Interior Design"},{"ShopName":"Shop1","Quantity":519,"Product":"Product 48","CustomerName":"Car Suite Cleaners"},{"ShopName":"Shop1","Quantity":806,"Product":"Product 17","CustomerName":"Terrinni & Son Auto and Truck"},{"ShopName":"Shop1","Quantity":810,"Product":"Product 37","CustomerName":"Rythmics Ltd."},{"ShopName":"Shop1","Quantity":304,"Product":"Product 46","CustomerName":"Childress Child Day Care"},{"ShopName":"Shop1","Quantity":354,"Product":"Product 48","CustomerName":"Mail Boxes Et. Al."},{"ShopName":"Shop1","Quantity":466,"Product":"Product 39","CustomerName":"Eva Galler Galleries Inc."},{"ShopName":"Shop1","Quantity":691,"Product":"Product 6","CustomerName":"North West Gas Co."},{"ShopName":"Shop1","Quantity":898,"Product":"Product 24","CustomerName":"Arthur M. Feildberg Galleries"},{"ShopName":"Shop1","Quantity":500,"Product":"Product 16","CustomerName":"Bee Line Publishing"},{"ShopName":"Shop1","Quantity":564,"Product":"Product 30","CustomerName":"Childress Child Day Care"},{"ShopName":"Shop1","Quantity":380,"Product":"Product 17","CustomerName":"Parkway Auto Body"},{"ShopName":"Shop1","Quantity":182,"Product":"Product 15","CustomerName":"Trapezoid Studios"},{"ShopName":"Shop1","Quantity":968,"Product":"Product 38","CustomerName":"Nyman Interior Design"},{"ShopName":"Shop1","Quantity":290,"Product":"Product 18","CustomerName":"Elm Place Business Supplies"},{"ShopName":"Shop1","Quantity":680,"Product":"Product 3","CustomerName":"Crossroads Construction, Inc."},{"ShopName":"Shop1","Quantity":751,"Product":"Product 32","CustomerName":"Glassman & Stone"},{"ShopName":"Shop1","Quantity":857,"Product":"Product 11","CustomerName":"Truck-X Muffler Repair"},{"ShopName":"Shop1","Quantity":190,"Product":"Product 47","CustomerName":"Rythmics Ltd."},{"ShopName":"Shop1","Quantity":511,"Product":"Product 30","CustomerName":"Cutter Lawn Mower Repair"},{"ShopName":"Shop1","Quantity":108,"Product":"Product 30","CustomerName":"BBQ Smith's Tex Mex"},{"ShopName":"Shop1","Quantity":545,"Product":"Product 39","CustomerName":"Cotton Thumb Ltd."},{"ShopName":"Shop1","Quantity":744,"Product":"Product 19","CustomerName":"Cotton Thumb Ltd."},{"ShopName":"Shop1","Quantity":335,"Product":"Product 30","CustomerName":"Hibbard Road Suppliers"},{"ShopName":"Shop1","Quantity":110,"Product":"Product 43","CustomerName":"Deer Lake Inn"},{"ShopName":"Shop1","Quantity":352,"Product":"Product 40","CustomerName":"Bako Delicatessen"},{"ShopName":"Shop1","Quantity":784,"Product":"Product 19","CustomerName":"Gordon & Son Brockerage Ltd."},{"ShopName":"Shop1","Quantity":658,"Product":"Product 8","CustomerName":"Arthur M. Feildberg Galleries"},{"ShopName":"Shop1","Quantity":513,"Product":"Product 12","CustomerName":"Truck-X Muffler Repair"},{"ShopName":"Shop1","Quantity":118,"Product":"Product 3","CustomerName":"janice Mann Accounting Service"},{"ShopName":"Shop1","Quantity":960,"Product":"Product 19","CustomerName":"Parties Galore Golf Course"},{"ShopName":"Shop1","Quantity":340,"Product":"Product 24","CustomerName":"Foy Aviation"},{"ShopName":"Shop1","Quantity":135,"Product":"Product 24","CustomerName":"Smith & Wesson Militia"},{"ShopName":"Shop1","Quantity":535,"Product":"Product 28","CustomerName":"Childress Child Day Care"},{"ShopName":"Shop1","Quantity":414,"Product":"Product 19","CustomerName":"Got It All Electronics Supply"},{"ShopName":"Shop1","Quantity":718,"Product":"Product 15","CustomerName":"Doerner's Awnings and Canopies"},{"ShopName":"Shop1","Quantity":900,"Product":"Product 22","CustomerName":"Kermit the Pet Shop"},{"ShopName":"Shop1","Quantity":556,"Product":"Product 2","CustomerName":"Smith & Wesson Militia"},{"ShopName":"Shop1","Quantity":48,"Product":"Product 27","CustomerName":"Yale Remins Temp Agency"},{"ShopName":"Shop1","Quantity":413,"Product":"Product 50","CustomerName":"Childress Child Day Care"},{"ShopName":"Shop1","Quantity":964,"Product":"Product 6","CustomerName":"Glenwood Credit Union"},{"ShopName":"Shop1","Quantity":952,"Product":"Product 45","CustomerName":"Nirabi Auto Service"},{"ShopName":"Shop1","Quantity":264,"Product":"Product 44","CustomerName":"Nirabi Auto Service"},{"ShopName":"Shop1","Quantity":880,"Product":"Product 7","CustomerName":"Park District Of America"},{"ShopName":"Shop1","Quantity":334,"Product":"Product 35","CustomerName":"Doll House Rock"},{"ShopName":"Shop1","Quantity":581,"Product":"Product 14","CustomerName":"Smith & Wesson Militia"},{"ShopName":"Shop1","Quantity":244,"Product":"Product 31","CustomerName":"American Deli Workers Union"},{"ShopName":"Shop1","Quantity":809,"Product":"Product 18","CustomerName":"Keyth Contracting and Repair"},{"ShopName":"Shop1","Quantity":404,"Product":"Product 50","CustomerName":"Mail Boxes Et. Al."},{"ShopName":"Shop1","Quantity":108,"Product":"Product 16","CustomerName":"Masterlands Cleaning"},{"ShopName":"Shop1","Quantity":816,"Product":"Product 18","CustomerName":"George Lee Antiques"},{"ShopName":"Shop1","Quantity":928,"Product":"Product 17","CustomerName":"Shaggy's Grooming Services"},{"ShopName":"Shop1","Quantity":141,"Product":"Product 30","CustomerName":"Garfield Appliance Service"},{"ShopName":"Shop1","Quantity":44,"Product":"Product 24","CustomerName":"Glenn Oaks Office Supplies"},{"ShopName":"Shop1","Quantity":812,"Product":"Product 6","CustomerName":"Bee Line Publishing"},{"ShopName":"Shop1","Quantity":890,"Product":"Product 2","CustomerName":"Nyman Interior Design"},{"ShopName":"Shop1","Quantity":441,"Product":"Product 28","CustomerName":"Car Suite Cleaners"},{"ShopName":"Shop1","Quantity":456,"Product":"Product 34","CustomerName":"Yale Remins Temp Agency"},{"ShopName":"Shop1","Quantity":940,"Product":"Product 31","CustomerName":"Michael Montgomery Hair Saloon"},{"ShopName":"Shop1","Quantity":81,"Product":"Product 45","CustomerName":"Facelift Kitchen and Bath"},{"ShopName":"Shop1","Quantity":389,"Product":"Product 45","CustomerName":"Acturial Enterprises Ltd."},{"ShopName":"Shop1","Quantity":895,"Product":"Product 33","CustomerName":"Shaggy's Grooming Services"},{"ShopName":"Shop1","Quantity":698,"Product":"Product 32","CustomerName":"Salt & Pepper Catering Service"},{"ShopName":"Shop1","Quantity":435,"Product":"Product 45","CustomerName":"Arthur M. Feildberg Galleries"},{"ShopName":"Shop1","Quantity":333,"Product":"Product 9","CustomerName":"Garfield Appliance Service"},{"ShopName":"Shop1","Quantity":336,"Product":"Product 21","CustomerName":"Crosstracks Car Wash"},{"ShopName":"Shop1","Quantity":459,"Product":"Product 40","CustomerName":"Kermit the Pet Shop"},{"ShopName":"Shop1","Quantity":396,"Product":"Product 17","CustomerName":"Crossroads Construction, Inc."},{"ShopName":"Shop1","Quantity":638,"Product":"Product 29","CustomerName":"Childress Child Day Care"},{"ShopName":"Shop1","Quantity":326,"Product":"Product 14","CustomerName":"Darcy Frame and Matting Servic"},{"ShopName":"Shop1","Quantity":474,"Product":"Product 16","CustomerName":"BBQ Smith's Tex Mex"},{"ShopName":"Shop1","Quantity":439,"Product":"Product 8","CustomerName":"Nirabi Auto Service"},{"ShopName":"Shop1","Quantity":376,"Product":"Product 16","CustomerName":"Dean Barnett Furniture Repair"},{"ShopName":"Shop1","Quantity":207,"Product":"Product 23","CustomerName":"Metro Appliance Service"},{"ShopName":"Shop1","Quantity":266,"Product":"Product 21","CustomerName":"Keyth Contracting and Repair"},{"ShopName":"Shop1","Quantity":554,"Product":"Product 16","CustomerName":"Cutter Lawn Mower Repair"},{"ShopName":"Shop1","Quantity":526,"Product":"Product 21","CustomerName":"Jay's Cabinet Company"},{"ShopName":"Shop1","Quantity":182,"Product":"Product 44","CustomerName":"Tub's Furniture Store"},{"ShopName":"Shop1","Quantity":242,"Product":"Product 4","CustomerName":"Bill's Dive Shop"},{"ShopName":"Shop1","Quantity":294,"Product":"Product 24","CustomerName":"Masterlands Cleaning"},{"ShopName":"Shop1","Quantity":504,"Product":"Product 7","CustomerName":"Glenn Oaks Office Supplies"},{"ShopName":"Shop1","Quantity":731,"Product":"Product 26","CustomerName":"Mail Boxes Et. Al."},{"ShopName":"Shop1","Quantity":977,"Product":"Product 19","CustomerName":"Salt & Pepper Catering Service"},{"ShopName":"Shop1","Quantity":835,"Product":"Product 41","CustomerName":"Car Suite Cleaners"},{"ShopName":"Shop1","Quantity":112,"Product":"Product 50","CustomerName":"Green Bay Travel Services"},{"ShopName":"Shop1","Quantity":368,"Product":"Product 5","CustomerName":"Eva Galler Galleries Inc."},{"ShopName":"Shop1","Quantity":7,"Product":"Product 42","CustomerName":"Nirabi Auto Service"},{"ShopName":"Shop1","Quantity":191,"Product":"Product 34","CustomerName":"Childress Child Day Care"},{"ShopName":"Shop1","Quantity":124,"Product":"Product 35","CustomerName":"Mail Boxes Et. Al."},{"ShopName":"Shop1","Quantity":451,"Product":"Product 37","CustomerName":"Dean Barnett Furniture Repair"},{"ShopName":"Shop1","Quantity":395,"Product":"Product 29","CustomerName":"Air Mexico"},{"ShopName":"Shop1","Quantity":48,"Product":"Product 34","CustomerName":"George Lee Antiques"},{"ShopName":"Shop1","Quantity":367,"Product":"Product 47","CustomerName":"Mail Boxes Et. Al."},{"ShopName":"Shop1","Quantity":11,"Product":"Product 1","CustomerName":"Got It All Electronics Supply"},{"ShopName":"Shop1","Quantity":645,"Product":"Product 48","CustomerName":"Yale Remins Temp Agency"},{"ShopName":"Shop1","Quantity":67,"Product":"Product 40","CustomerName":"Gordon & Son Brockerage Ltd."},{"ShopName":"Shop1","Quantity":855,"Product":"Product 6","CustomerName":"Yale Remins Temp Agency"},{"ShopName":"Shop1","Quantity":389,"Product":"Product 7","CustomerName":"Acme Chemical Supply"},{"ShopName":"Shop1","Quantity":483,"Product":"Product 32","CustomerName":"Doerner's Awnings and Canopies"},{"ShopName":"Shop1","Quantity":903,"Product":"Product 23","CustomerName":"Dean Barnett Furniture Repair"},{"ShopName":"Shop1","Quantity":979,"Product":"Product 48","CustomerName":"Highland Heights Gift Shop"},{"ShopName":"Shop1","Quantity":415,"Product":"Product 46","CustomerName":"Masterlands Cleaning"},{"ShopName":"Shop1","Quantity":530,"Product":"Product 41","CustomerName":"Darcy Frame and Matting Servic"},{"ShopName":"Shop1","Quantity":241,"Product":"Product 20","CustomerName":"Deer Lake Inn"},{"ShopName":"Shop1","Quantity":523,"Product":"Product 29","CustomerName":"Elm Place Business Supplies"},{"ShopName":"Shop1","Quantity":940,"Product":"Product 25","CustomerName":"Mergenthaler Inc."},{"ShopName":"Shop1","Quantity":631,"Product":"Product 31","CustomerName":"Cotton Thumb Ltd."},{"ShopName":"Shop1","Quantity":202,"Product":"Product 12","CustomerName":"Yale Remins Temp Agency"},{"ShopName":"Shop1","Quantity":151,"Product":"Product 48","CustomerName":"Moveit Motercycle Service"},{"ShopName":"Shop1","Quantity":529,"Product":"Product 43","CustomerName":"Futoons Cartoons Emporium"},{"ShopName":"Shop1","Quantity":761,"Product":"Product 2","CustomerName":"Shaggy's Grooming Services"},{"ShopName":"Shop1","Quantity":934,"Product":"Product 46","CustomerName":"Doerner's Awnings and Canopies"},{"ShopName":"Shop1","Quantity":314,"Product":"Product 21","CustomerName":"Eva Galler Galleries Inc."},{"ShopName":"Shop1","Quantity":98,"Product":"Product 30","CustomerName":"Parties Galore Golf Course"},{"ShopName":"Shop1","Quantity":775,"Product":"Product 31","CustomerName":"Got It All Electronics Supply"},{"ShopName":"Shop1","Quantity":149,"Product":"Product 25","CustomerName":"Air Mexico"},{"ShopName":"Shop1","Quantity":251,"Product":"Product 11","CustomerName":"Car Suite Cleaners"},{"ShopName":"Shop1","Quantity":663,"Product":"Product 33","CustomerName":"Tub's Furniture Store"},{"ShopName":"Shop1","Quantity":408,"Product":"Product 2","CustomerName":"Garfield Appliance Service"},{"ShopName":"Shop1","Quantity":480,"Product":"Product 42","CustomerName":"Lennox Air Pollution Control"},{"ShopName":"Shop1","Quantity":661,"Product":"Product 45","CustomerName":"Masterlands Cleaning"},{"ShopName":"Shop1","Quantity":288,"Product":"Product 23","CustomerName":"Toggle & Myerson Ltd"},{"ShopName":"Shop1","Quantity":442,"Product":"Product 14","CustomerName":"Funnyface Amusement Games"},{"ShopName":"Shop1","Quantity":903,"Product":"Product 49","CustomerName":"Parties Galore Golf Course"},{"ShopName":"Shop1","Quantity":640,"Product":"Product 10","CustomerName":"Hibbard Road Suppliers"},{"ShopName":"Shop1","Quantity":226,"Product":"Product 7","CustomerName":"Got It All Electronics Supply"},{"ShopName":"Shop1","Quantity":808,"Product":"Product 28","CustomerName":"Lennox Air Pollution Control"},{"ShopName":"Shop1","Quantity":351,"Product":"Product 23","CustomerName":"Caranisco Homes"},{"ShopName":"Shop1","Quantity":464,"Product":"Product 13","CustomerName":"Bee Line Publishing"},{"ShopName":"Shop1","Quantity":584,"Product":"Product 30","CustomerName":"Foy Aviation"},{"ShopName":"Shop1","Quantity":919,"Product":"Product 42","CustomerName":"Lennox Air Pollution Control"},{"ShopName":"Shop1","Quantity":538,"Product":"Product 35","CustomerName":"Peterson Roberts Carpentry"},{"ShopName":"Shop1","Quantity":268,"Product":"Product 11","CustomerName":"Cotton Thumb Ltd."},{"ShopName":"Shop1","Quantity":716,"Product":"Product 48","CustomerName":"Resnick DDS"},{"ShopName":"Shop1","Quantity":85,"Product":"Product 49","CustomerName":"Acturial Enterprises Ltd."},{"ShopName":"Shop1","Quantity":917,"Product":"Product 10","CustomerName":"Masterlands Cleaning"},{"ShopName":"Shop1","Quantity":418,"Product":"Product 36","CustomerName":"Truck-X Muffler Repair"},{"ShopName":"Shop1","Quantity":586,"Product":"Product 44","CustomerName":"PGS Associates"},{"ShopName":"Shop1","Quantity":853,"Product":"Product 33","CustomerName":"DBN Bank"},{"ShopName":"Shop1","Quantity":108,"Product":"Product 50","CustomerName":"Doerner's Awnings and Canopies"},{"ShopName":"Shop1","Quantity":95,"Product":"Product 34","CustomerName":"Park District Of America"},{"ShopName":"Shop1","Quantity":624,"Product":"Product 37","CustomerName":"PGS Associates"},{"ShopName":"Shop1","Quantity":47,"Product":"Product 10","CustomerName":"Crosstracks Car Wash"},{"ShopName":"Shop1","Quantity":63,"Product":"Product 15","CustomerName":"Doll House Rock"},{"ShopName":"Shop1","Quantity":513,"Product":"Product 49","CustomerName":"Terrinni & Son Auto and Truck"},{"ShopName":"Shop1","Quantity":451,"Product":"Product 42","CustomerName":"Yale Remins Temp Agency"},{"ShopName":"Shop1","Quantity":340,"Product":"Product 42","CustomerName":"DBN Bank"},{"ShopName":"Shop1","Quantity":766,"Product":"Product 7","CustomerName":"Acturial Enterprises Ltd."},{"ShopName":"Shop1","Quantity":214,"Product":"Product 4","CustomerName":"Parties Galore Golf Course"},{"ShopName":"Shop1","Quantity":600,"Product":"Product 34","CustomerName":"Gordon & Son Brockerage Ltd."},{"ShopName":"Shop1","Quantity":468,"Product":"Product 17","CustomerName":"Acturial Enterprises Ltd."},{"ShopName":"Shop1","Quantity":944,"Product":"Product 43","CustomerName":"Kermit the Pet Shop"},{"ShopName":"Shop1","Quantity":92,"Product":"Product 15","CustomerName":"Quad City Cleaning"},{"ShopName":"Shop1","Quantity":733,"Product":"Product 22","CustomerName":"Parkway Auto Body"},{"ShopName":"Shop1","Quantity":100,"Product":"Product 40","CustomerName":"Acme Chemical Supply"},{"ShopName":"Shop1","Quantity":431,"Product":"Product 2","CustomerName":"Futoons Cartoons Emporium"},{"ShopName":"Shop1","Quantity":334,"Product":"Product 38","CustomerName":"Green Bay Travel Services"},{"ShopName":"Shop1","Quantity":476,"Product":"Product 33","CustomerName":"Kermit the Pet Shop"},{"ShopName":"Shop1","Quantity":603,"Product":"Product 9","CustomerName":"New Dehli Auto Exchange"},{"ShopName":"Shop1","Quantity":23,"Product":"Product 28","CustomerName":"Nirabi Auto Service"},{"ShopName":"Shop1","Quantity":694,"Product":"Product 22","CustomerName":"Highland Woods City Hall"},{"ShopName":"Shop1","Quantity":529,"Product":"Product 14","CustomerName":"Deer Lake Inn"},{"ShopName":"Shop1","Quantity":133,"Product":"Product 14","CustomerName":"Peterson Roberts Carpentry"},{"ShopName":"Shop1","Quantity":792,"Product":"Product 34","CustomerName":"Elm Place Business Supplies"},{"ShopName":"Shop1","Quantity":527,"Product":"Product 40","CustomerName":"Vanity Town"},{"ShopName":"Shop1","Quantity":130,"Product":"Product 45","CustomerName":"Acme Chemical Supply"},{"ShopName":"Shop1","Quantity":695,"Product":"Product 7","CustomerName":"Moveit Motercycle Service"},{"ShopName":"Shop1","Quantity":762,"Product":"Product 33","CustomerName":"Glenwood Credit Union"},{"ShopName":"Shop1","Quantity":128,"Product":"Product 38","CustomerName":"Green Bay Travel Services"},{"ShopName":"Shop1","Quantity":686,"Product":"Product 39","CustomerName":"janice Mann Accounting Service"},{"ShopName":"Shop1","Quantity":327,"Product":"Product 20","CustomerName":"Cutter Lawn Mower Repair"},{"ShopName":"Shop1","Quantity":558,"Product":"Product 44","CustomerName":"Glenwood Credit Union"},{"ShopName":"Shop1","Quantity":54,"Product":"Product 3","CustomerName":"Yale Remins Temp Agency"},{"ShopName":"Shop1","Quantity":167,"Product":"Product 27","CustomerName":"Darcy Frame and Matting Servic"},{"ShopName":"Shop1","Quantity":5,"Product":"Product 15","CustomerName":"Kermit the Pet Shop"},{"ShopName":"Shop1","Quantity":441,"Product":"Product 49","CustomerName":"Shaggy's Grooming Services"},{"ShopName":"Shop1","Quantity":790,"Product":"Product 13","CustomerName":"Garfield Appliance Service"},{"ShopName":"Shop1","Quantity":986,"Product":"Product 37","CustomerName":"Pete's Auto Repair"},{"ShopName":"Shop1","Quantity":542,"Product":"Product 23","CustomerName":"Jay's Cabinet Company"},{"ShopName":"Shop1","Quantity":793,"Product":"Product 3","CustomerName":"Hi-Land Art & Frame"},{"ShopName":"Shop1","Quantity":516,"Product":"Product 13","CustomerName":"Childress Child Day Care"},{"ShopName":"Shop1","Quantity":400,"Product":"Product 39","CustomerName":"Glenwood Credit Union"},{"ShopName":"Shop1","Quantity":763,"Product":"Product 47","CustomerName":"Crossroads Construction, Inc."},{"ShopName":"Shop1","Quantity":729,"Product":"Product 6","CustomerName":"Vanity Town"},{"ShopName":"Shop1","Quantity":828,"Product":"Product 11","CustomerName":"Parkway Auto Body"},{"ShopName":"Shop1","Quantity":313,"Product":"Product 45","CustomerName":"Cutter Lawn Mower Repair"},{"ShopName":"Shop1","Quantity":392,"Product":"Product 30","CustomerName":"Bill's Dive Shop"},{"ShopName":"Shop1","Quantity":29,"Product":"Product 19","CustomerName":"Yale Remins Temp Agency"},{"ShopName":"Shop1","Quantity":677,"Product":"Product 44","CustomerName":"Crossroads Construction, Inc."},{"ShopName":"Shop1","Quantity":931,"Product":"Product 45","CustomerName":"Moveit Motercycle Service"},{"ShopName":"Shop1","Quantity":998,"Product":"Product 26","CustomerName":"Moveit Motercycle Service"},{"ShopName":"Shop1","Quantity":202,"Product":"Product 4","CustomerName":"Crossroads Construction, Inc."},{"ShopName":"Shop1","Quantity":384,"Product":"Product 23","CustomerName":"Bill's Dive Shop"},{"ShopName":"Shop1","Quantity":565,"Product":"Product 20","CustomerName":"Glenn Oaks Office Supplies"},{"ShopName":"Shop1","Quantity":343,"Product":"Product 49","CustomerName":"Johnson, Erico & Co CPA's"},{"ShopName":"Shop1","Quantity":967,"Product":"Product 19","CustomerName":"Car Suite Cleaners"},{"ShopName":"Shop1","Quantity":336,"Product":"Product 20","CustomerName":"Hi-Land Art & Frame"},{"ShopName":"Shop1","Quantity":394,"Product":"Product 21","CustomerName":"Cutter Lawn Mower Repair"},{"ShopName":"Shop1","Quantity":322,"Product":"Product 14","CustomerName":"Crosstracks Car Wash"},{"ShopName":"Shop1","Quantity":80,"Product":"Product 49","CustomerName":"Bako Delicatessen"},{"ShopName":"Shop1","Quantity":989,"Product":"Product 2","CustomerName":"Garfield Appliance Service"},{"ShopName":"Shop1","Quantity":846,"Product":"Product 22","CustomerName":"Shaggy's Grooming Services"},{"ShopName":"Shop1","Quantity":219,"Product":"Product 44","CustomerName":"Cotton Thumb Ltd."},{"ShopName":"Shop1","Quantity":443,"Product":"Product 48","CustomerName":"George Lee Antiques"},{"ShopName":"Shop1","Quantity":122,"Product":"Product 8","CustomerName":"Lee Stairworks and Carpentry,"},{"ShopName":"Shop1","Quantity":906,"Product":"Product 7","CustomerName":"Crosstracks Car Wash"},{"ShopName":"Shop1","Quantity":565,"Product":"Product 19","CustomerName":"Dean Barnett Furniture Repair"},{"ShopName":"Shop1","Quantity":557,"Product":"Product 17","CustomerName":"Nitelites Party Rental"},{"ShopName":"Shop1","Quantity":695,"Product":"Product 9","CustomerName":"Toggle & Myerson Ltd"},{"ShopName":"Shop1","Quantity":309,"Product":"Product 14","CustomerName":"Gordon & Son Brockerage Ltd."},{"ShopName":"Shop1","Quantity":161,"Product":"Product 26","CustomerName":"Glenwood Credit Union"},{"ShopName":"Shop1","Quantity":775,"Product":"Product 6","CustomerName":"Tub's Furniture Store"},{"ShopName":"Shop1","Quantity":332,"Product":"Product 17","CustomerName":"Highland Heights Gift Shop"},{"ShopName":"Shop1","Quantity":73,"Product":"Product 20","CustomerName":"Bill's Dive Shop"},{"ShopName":"Shop1","Quantity":524,"Product":"Product 28","CustomerName":"Acme Chemical Supply"},{"ShopName":"Shop1","Quantity":466,"Product":"Product 30","CustomerName":"Toggle & Myerson Ltd"},{"ShopName":"Shop1","Quantity":410,"Product":"Product 32","CustomerName":"Schmidt Denists"},{"ShopName":"Shop1","Quantity":86,"Product":"Product 25","CustomerName":"Toggle & Myerson Ltd"},{"ShopName":"Shop1","Quantity":1,"Product":"Product 14","CustomerName":"Highland Heights Gift Shop"},{"ShopName":"Shop1","Quantity":516,"Product":"Product 47","CustomerName":"Facelift Kitchen and Bath"},{"ShopName":"Shop1","Quantity":1,"Product":"Product 6","CustomerName":"Cradle the Call"},{"ShopName":"Shop1","Quantity":485,"Product":"Product 17","CustomerName":"Highland Heights Gift Shop"},{"ShopName":"Shop1","Quantity":397,"Product":"Product 32","CustomerName":"Bako Delicatessen"},{"ShopName":"Shop1","Quantity":211,"Product":"Product 28","CustomerName":"Glenwood Credit Union"},{"ShopName":"Shop1","Quantity":35,"Product":"Product 46","CustomerName":"Truck-X Muffler Repair"},{"ShopName":"Shop1","Quantity":622,"Product":"Product 41","CustomerName":"Cotton Thumb Ltd."},{"ShopName":"Shop1","Quantity":888,"Product":"Product 18","CustomerName":"janice Mann Accounting Service"},{"ShopName":"Shop1","Quantity":41,"Product":"Product 32","CustomerName":"Salt & Pepper Catering Service"},{"ShopName":"Shop1","Quantity":487,"Product":"Product 33","CustomerName":"Air Mexico"},{"ShopName":"Shop1","Quantity":365,"Product":"Product 2","CustomerName":"Resnick DDS"},{"ShopName":"Shop1","Quantity":868,"Product":"Product 4","CustomerName":"Highland Heights Gift Shop"},{"ShopName":"Shop1","Quantity":86,"Product":"Product 36","CustomerName":"Bill's Dive Shop"},{"ShopName":"Shop1","Quantity":825,"Product":"Product 16","CustomerName":"Car Suite Cleaners"},{"ShopName":"Shop1","Quantity":572,"Product":"Product 37","CustomerName":"Got It All Electronics Supply"},{"ShopName":"Shop1","Quantity":767,"Product":"Product 28","CustomerName":"Michael Montgomery Hair Saloon"},{"ShopName":"Shop1","Quantity":79,"Product":"Product 15","CustomerName":"Glenwood Credit Union"},{"ShopName":"Shop1","Quantity":773,"Product":"Product 23","CustomerName":"Keyth Contracting and Repair"},{"ShopName":"Shop1","Quantity":430,"Product":"Product 42","CustomerName":"Smith & Wesson Militia"},{"ShopName":"Shop1","Quantity":49,"Product":"Product 44","CustomerName":"Metro Appliance Service"},{"ShopName":"Shop1","Quantity":250,"Product":"Product 11","CustomerName":"Nitelites Party Rental"},{"ShopName":"Shop1","Quantity":899,"Product":"Product 31","CustomerName":"Tub's Furniture Store"},{"ShopName":"Shop1","Quantity":37,"Product":"Product 39","CustomerName":"Yale Remins Temp Agency"},{"ShopName":"Shop1","Quantity":4,"Product":"Product 7","CustomerName":"Shaggy's Grooming Services"},{"ShopName":"Shop1","Quantity":357,"Product":"Product 31","CustomerName":"Gordon & Son Brockerage Ltd."},{"ShopName":"Shop1","Quantity":963,"Product":"Product 29","CustomerName":"Tub's Furniture Store"},{"ShopName":"Shop1","Quantity":923,"Product":"Product 5","CustomerName":"DBN Bank"},{"ShopName":"Shop1","Quantity":1000,"Product":"Product 30","CustomerName":"Childress Child Day Care"},{"ShopName":"Shop1","Quantity":483,"Product":"Product 21","CustomerName":"Johnson, Erico & Co CPA's"},{"ShopName":"Shop1","Quantity":511,"Product":"Product 14","CustomerName":"American Deli Workers Union"},{"ShopName":"Shop1","Quantity":28,"Product":"Product 37","CustomerName":"Highland Woods City Hall"},{"ShopName":"Shop1","Quantity":672,"Product":"Product 29","CustomerName":"Resnick DDS"},{"ShopName":"Shop1","Quantity":718,"Product":"Product 24","CustomerName":"Acturial Enterprises Ltd."},{"ShopName":"Shop1","Quantity":847,"Product":"Product 20","CustomerName":"Deer Lake Inn"},{"ShopName":"Shop1","Quantity":254,"Product":"Product 13","CustomerName":"Glenwood Credit Union"},{"ShopName":"Shop1","Quantity":10,"Product":"Product 24","CustomerName":"Lennox Air Pollution Control"},{"ShopName":"Shop1","Quantity":672,"Product":"Product 23","CustomerName":"Doll House Rock"},{"ShopName":"Shop1","Quantity":263,"Product":"Product 42","CustomerName":"Green Bay Travel Services"},{"ShopName":"Shop1","Quantity":134,"Product":"Product 34","CustomerName":"Childress Child Day Care"},{"ShopName":"Shop1","Quantity":294,"Product":"Product 2","CustomerName":"Acturial Enterprises Ltd."},{"ShopName":"Shop1","Quantity":975,"Product":"Product 9","CustomerName":"Childress Child Day Care"},{"ShopName":"Shop1","Quantity":734,"Product":"Product 30","CustomerName":"Doll House Rock"},{"ShopName":"Shop1","Quantity":533,"Product":"Product 39","CustomerName":"Salt & Pepper Catering Service"},{"ShopName":"Shop1","Quantity":640,"Product":"Product 29","CustomerName":"Car Suite Cleaners"},{"ShopName":"Shop1","Quantity":285,"Product":"Product 1","CustomerName":"Foy Aviation"},{"ShopName":"Shop1","Quantity":306,"Product":"Product 1","CustomerName":"American Deli Workers Union"},{"ShopName":"Shop1","Quantity":866,"Product":"Product 8","CustomerName":"Doerner's Awnings and Canopies"},{"ShopName":"Shop1","Quantity":235,"Product":"Product 14","CustomerName":"Dean Barnett Furniture Repair"},{"ShopName":"Shop1","Quantity":601,"Product":"Product 37","CustomerName":"DBN Bank"},{"ShopName":"Shop1","Quantity":711,"Product":"Product 16","CustomerName":"Vanity Town"},{"ShopName":"Shop1","Quantity":539,"Product":"Product 49","CustomerName":"Childress Child Day Care"},{"ShopName":"Shop1","Quantity":316,"Product":"Product 44","CustomerName":"Lambert & Locke Legal Services"},{"ShopName":"Shop1","Quantity":412,"Product":"Product 11","CustomerName":"Darcy Frame and Matting Servic"},{"ShopName":"Shop1","Quantity":368,"Product":"Product 6","CustomerName":"Doerner's Awnings and Canopies"},{"ShopName":"Shop1","Quantity":194,"Product":"Product 11","CustomerName":"Yale Remins Temp Agency"},{"ShopName":"Shop1","Quantity":419,"Product":"Product 6","CustomerName":"Deer Lake Inn"},{"ShopName":"Shop1","Quantity":675,"Product":"Product 8","CustomerName":"Darcy Frame and Matting Servic"},{"ShopName":"Shop1","Quantity":748,"Product":"Product 10","CustomerName":"Eva Galler Galleries Inc."},{"ShopName":"Shop1","Quantity":749,"Product":"Product 31","CustomerName":"Yale Remins Temp Agency"},{"ShopName":"Shop1","Quantity":226,"Product":"Product 22","CustomerName":"Nyman Interior Design"},{"ShopName":"Shop1","Quantity":470,"Product":"Product 31","CustomerName":"Childress Child Day Care"},{"ShopName":"Shop1","Quantity":199,"Product":"Product 6","CustomerName":"Elm Place Business Supplies"},{"ShopName":"Shop1","Quantity":268,"Product":"Product 16","CustomerName":"janice Mann Accounting Service"},{"ShopName":"Shop1","Quantity":6,"Product":"Product 39","CustomerName":"janice Mann Accounting Service"},{"ShopName":"Shop1","Quantity":520,"Product":"Product 40","CustomerName":"Lennox Air Pollution Control"},{"ShopName":"Shop1","Quantity":640,"Product":"Product 40","CustomerName":"Masterlands Cleaning"},{"ShopName":"Shop1","Quantity":175,"Product":"Product 32","CustomerName":"Nyman Interior Design"},{"ShopName":"Shop1","Quantity":34,"Product":"Product 41","CustomerName":"Pete's Auto Repair"},{"ShopName":"Shop1","Quantity":285,"Product":"Product 10","CustomerName":"Darcy Frame and Matting Servic"},{"ShopName":"Shop1","Quantity":904,"Product":"Product 44","CustomerName":"Griffith Paving and Sealcoatin"},{"ShopName":"Shop1","Quantity":116,"Product":"Product 35","CustomerName":"Smith & Wesson Militia"},{"ShopName":"Shop1","Quantity":240,"Product":"Product 36","CustomerName":"Lee Stairworks and Carpentry,"},{"ShopName":"Shop1","Quantity":10,"Product":"Product 24","CustomerName":"Bill's Dive Shop"},{"ShopName":"Shop1","Quantity":440,"Product":"Product 46","CustomerName":"Parkway Auto Body"},{"ShopName":"Shop1","Quantity":494,"Product":"Product 46","CustomerName":"Cutter Lawn Mower Repair"},{"ShopName":"Shop1","Quantity":897,"Product":"Product 9","CustomerName":"Metro Appliance Service"},{"ShopName":"Shop1","Quantity":813,"Product":"Product 48","CustomerName":"Schmidt Denists"},{"ShopName":"Shop1","Quantity":812,"Product":"Product 37","CustomerName":"janice Mann Accounting Service"},{"ShopName":"Shop1","Quantity":512,"Product":"Product 32","CustomerName":"Truck-X Muffler Repair"},{"ShopName":"Shop1","Quantity":549,"Product":"Product 6","CustomerName":"Elm Place Business Supplies"},{"ShopName":"Shop1","Quantity":646,"Product":"Product 35","CustomerName":"Rythmics Ltd."},{"ShopName":"Shop1","Quantity":545,"Product":"Product 30","CustomerName":"Truck-X Muffler Repair"},{"ShopName":"Shop1","Quantity":271,"Product":"Product 43","CustomerName":"Griffith Paving and Sealcoatin"},{"ShopName":"Shop1","Quantity":404,"Product":"Product 1","CustomerName":"Yale Remins Temp Agency"},{"ShopName":"Shop1","Quantity":975,"Product":"Product 9","CustomerName":"Moveit Motercycle Service"},{"ShopName":"Shop1","Quantity":262,"Product":"Product 5","CustomerName":"Schmidt Denists"},{"ShopName":"Shop1","Quantity":843,"Product":"Product 8","CustomerName":"Doll House Rock"},{"ShopName":"Shop1","Quantity":995,"Product":"Product 37","CustomerName":"Masterlands Cleaning"},{"ShopName":"Shop1","Quantity":178,"Product":"Product 7","CustomerName":"Garfield Appliance Service"},{"ShopName":"Shop1","Quantity":10,"Product":"Product 2","CustomerName":"Gordon & Son Brockerage Ltd."},{"ShopName":"Shop1","Quantity":379,"Product":"Product 31","CustomerName":"Elm Place Business Supplies"},{"ShopName":"Shop1","Quantity":762,"Product":"Product 22","CustomerName":"Eva Galler Galleries Inc."},{"ShopName":"Shop1","Quantity":946,"Product":"Product 14","CustomerName":"Pete's Auto Repair"},{"ShopName":"Shop1","Quantity":188,"Product":"Product 9","CustomerName":"Doerner's Awnings and Canopies"},{"ShopName":"Shop1","Quantity":837,"Product":"Product 15","CustomerName":"Rythmics Ltd."},{"ShopName":"Shop1","Quantity":712,"Product":"Product 27","CustomerName":"Air Mexico"},{"ShopName":"Shop1","Quantity":584,"Product":"Product 46","CustomerName":"Trapezoid Studios"},{"ShopName":"Shop1","Quantity":961,"Product":"Product 30","CustomerName":"janice Mann Accounting Service"},{"ShopName":"Shop1","Quantity":528,"Product":"Product 1","CustomerName":"Acturial Enterprises Ltd."},{"ShopName":"Shop1","Quantity":297,"Product":"Product 28","CustomerName":"Kermit the Pet Shop"},{"ShopName":"Shop1","Quantity":704,"Product":"Product 14","CustomerName":"Parkway Auto Body"},{"ShopName":"Shop1","Quantity":69,"Product":"Product 36","CustomerName":"Got It All Electronics Supply"},{"ShopName":"Shop1","Quantity":388,"Product":"Product 15","CustomerName":"Childress Child Day Care"},{"ShopName":"Shop1","Quantity":587,"Product":"Product 10","CustomerName":"Hi-Land Art & Frame"},{"ShopName":"Shop1","Quantity":992,"Product":"Product 29","CustomerName":"Rythmics Ltd."},{"ShopName":"Shop1","Quantity":384,"Product":"Product 11","CustomerName":"janice Mann Accounting Service"},{"ShopName":"Shop1","Quantity":318,"Product":"Product 28","CustomerName":"Car Suite Cleaners"},{"ShopName":"Shop1","Quantity":397,"Product":"Product 46","CustomerName":"Shaggy's Grooming Services"},{"ShopName":"Shop1","Quantity":423,"Product":"Product 30","CustomerName":"Childress Child Day Care"},{"ShopName":"Shop1","Quantity":649,"Product":"Product 50","CustomerName":"Terrinni & Son Auto and Truck"},{"ShopName":"Shop1","Quantity":730,"Product":"Product 29","CustomerName":"Yale Remins Temp Agency"},{"ShopName":"Shop1","Quantity":183,"Product":"Product 37","CustomerName":"New Dehli Auto Exchange"},{"ShopName":"Shop1","Quantity":513,"Product":"Product 33","CustomerName":"Keyth Contracting and Repair"},{"ShopName":"Shop1","Quantity":203,"Product":"Product 37","CustomerName":"Doll House Rock"},{"ShopName":"Shop1","Quantity":527,"Product":"Product 19","CustomerName":"Foy Aviation"},{"ShopName":"Shop1","Quantity":627,"Product":"Product 18","CustomerName":"Air Mexico"},{"ShopName":"Shop1","Quantity":353,"Product":"Product 43","CustomerName":"Johnson, Erico & Co CPA's"},{"ShopName":"Shop1","Quantity":808,"Product":"Product 4","CustomerName":"Glenn Oaks Office Supplies"},{"ShopName":"Shop1","Quantity":487,"Product":"Product 6","CustomerName":"Dean Barnett Furniture Repair"},{"ShopName":"Shop1","Quantity":900,"Product":"Product 8","CustomerName":"American Deli Workers Union"},{"ShopName":"Shop1","Quantity":877,"Product":"Product 11","CustomerName":"Pete's Auto Repair"},{"ShopName":"Shop1","Quantity":130,"Product":"Product 7","CustomerName":"Glenn Oaks Office Supplies"},{"ShopName":"Shop1","Quantity":636,"Product":"Product 25","CustomerName":"Quad City Cleaning"},{"ShopName":"Shop1","Quantity":627,"Product":"Product 26","CustomerName":"Shaggy's Grooming Services"},{"ShopName":"Shop1","Quantity":235,"Product":"Product 33","CustomerName":"Toggle & Myerson Ltd"},{"ShopName":"Shop1","Quantity":956,"Product":"Product 15","CustomerName":"Park District Of America"},{"ShopName":"Shop1","Quantity":305,"Product":"Product 6","CustomerName":"Acturial Enterprises Ltd."},{"ShopName":"Shop1","Quantity":117,"Product":"Product 10","CustomerName":"New Dehli Auto Exchange"},{"ShopName":"Shop1","Quantity":536,"Product":"Product 49","CustomerName":"Green Bay Travel Services"},{"ShopName":"Shop1","Quantity":336,"Product":"Product 3","CustomerName":"Glenn Oaks Office Supplies"},{"ShopName":"Shop1","Quantity":921,"Product":"Product 13","CustomerName":"Toggle & Myerson Ltd"},{"ShopName":"Shop1","Quantity":502,"Product":"Product 31","CustomerName":"Yale Remins Temp Agency"},{"ShopName":"Shop1","Quantity":49,"Product":"Product 45","CustomerName":"Griffith Paving and Sealcoatin"},{"ShopName":"Shop1","Quantity":228,"Product":"Product 29","CustomerName":"DBN Bank"},{"ShopName":"Shop1","Quantity":121,"Product":"Product 27","CustomerName":"Facelift Kitchen and Bath"},{"ShopName":"Shop1","Quantity":39,"Product":"Product 39","CustomerName":"Got It All Electronics Supply"},{"ShopName":"Shop1","Quantity":600,"Product":"Product 7","CustomerName":"Air Mexico"},{"ShopName":"Shop1","Quantity":154,"Product":"Product 27","CustomerName":"Nyman Interior Design"},{"ShopName":"Shop1","Quantity":639,"Product":"Product 39","CustomerName":"Cotton Thumb Ltd."},{"ShopName":"Shop1","Quantity":367,"Product":"Product 48","CustomerName":"Metro Appliance Service"},{"ShopName":"Shop1","Quantity":186,"Product":"Product 10","CustomerName":"Garfield Appliance Service"},{"ShopName":"Shop1","Quantity":12,"Product":"Product 14","CustomerName":"Kermit the Pet Shop"},{"ShopName":"Shop1","Quantity":761,"Product":"Product 32","CustomerName":"BBQ Smith's Tex Mex"},{"ShopName":"Shop1","Quantity":120,"Product":"Product 12","CustomerName":"Glassman & Stone"},{"ShopName":"Shop1","Quantity":731,"Product":"Product 30","CustomerName":"Truck-X Muffler Repair"},{"ShopName":"Shop1","Quantity":240,"Product":"Product 22","CustomerName":"Rythmics Ltd."},{"ShopName":"Shop1","Quantity":157,"Product":"Product 5","CustomerName":"Kermit the Pet Shop"},{"ShopName":"Shop1","Quantity":645,"Product":"Product 32","CustomerName":"Dean Barnett Furniture Repair"},{"ShopName":"Shop1","Quantity":696,"Product":"Product 21","CustomerName":"Glenn Oaks Office Supplies"},{"ShopName":"Shop1","Quantity":300,"Product":"Product 18","CustomerName":"Highland Woods City Hall"},{"ShopName":"Shop1","Quantity":947,"Product":"Product 28","CustomerName":"Gourmet the Frog"},{"ShopName":"Shop1","Quantity":17,"Product":"Product 30","CustomerName":"Hibbard Road Suppliers"},{"ShopName":"Shop1","Quantity":223,"Product":"Product 42","CustomerName":"Glenwood Credit Union"},{"ShopName":"Shop1","Quantity":782,"Product":"Product 13","CustomerName":"Got It All Electronics Supply"},{"ShopName":"Shop1","Quantity":600,"Product":"Product 29","CustomerName":"Nitelites Party Rental"},{"ShopName":"Shop1","Quantity":144,"Product":"Product 26","CustomerName":"Glenwood Credit Union"},{"ShopName":"Shop1","Quantity":120,"Product":"Product 35","CustomerName":"Mergenthaler Inc."},{"ShopName":"Shop1","Quantity":508,"Product":"Product 8","CustomerName":"Facelift Kitchen and Bath"},{"ShopName":"Shop1","Quantity":707,"Product":"Product 8","CustomerName":"PGS Associates"},{"ShopName":"Shop1","Quantity":343,"Product":"Product 30","CustomerName":"Johnson, Erico & Co CPA's"},{"ShopName":"Shop1","Quantity":850,"Product":"Product 19","CustomerName":"PGS Associates"},{"ShopName":"Shop1","Quantity":854,"Product":"Product 28","CustomerName":"Darcy Frame and Matting Servic"},{"ShopName":"Shop1","Quantity":174,"Product":"Product 14","CustomerName":"Terrinni & Son Auto and Truck"},{"ShopName":"Shop1","Quantity":763,"Product":"Product 43","CustomerName":"Shaggy's Grooming Services"},{"ShopName":"Shop1","Quantity":66,"Product":"Product 41","CustomerName":"Darcy Frame and Matting Servic"},{"ShopName":"Shop1","Quantity":244,"Product":"Product 12","CustomerName":"Glenn Oaks Office Supplies"},{"ShopName":"Shop1","Quantity":104,"Product":"Product 43","CustomerName":"Darcy Frame and Matting Servic"},{"ShopName":"Shop1","Quantity":622,"Product":"Product 6","CustomerName":"Glenn Oaks Office Supplies"},{"ShopName":"Shop1","Quantity":470,"Product":"Product 11","CustomerName":"Cotton Thumb Ltd."},{"ShopName":"Shop1","Quantity":976,"Product":"Product 37","CustomerName":"Lee Stairworks and Carpentry,"},{"ShopName":"Shop1","Quantity":67,"Product":"Product 38","CustomerName":"Doerner's Awnings and Canopies"},{"ShopName":"Shop1","Quantity":740,"Product":"Product 44","CustomerName":"George Lee Antiques"},{"ShopName":"Shop1","Quantity":759,"Product":"Product 19","CustomerName":"Glenn Oaks Office Supplies"},{"ShopName":"Shop1","Quantity":29,"Product":"Product 20","CustomerName":"Tub's Furniture Store"},{"ShopName":"Shop1","Quantity":700,"Product":"Product 23","CustomerName":"Glenn Oaks Office Supplies"},{"ShopName":"Shop1","Quantity":346,"Product":"Product 6","CustomerName":"Schmidt Denists"},{"ShopName":"Shop1","Quantity":714,"Product":"Product 33","CustomerName":"Childress Child Day Care"},{"ShopName":"Shop1","Quantity":598,"Product":"Product 3","CustomerName":"Arthur M. Feildberg Galleries"},{"ShopName":"Shop1","Quantity":28,"Product":"Product 14","CustomerName":"Truck-X Muffler Repair"},{"ShopName":"Shop1","Quantity":678,"Product":"Product 27","CustomerName":"Acturial Enterprises Ltd."},{"ShopName":"Shop1","Quantity":130,"Product":"Product 49","CustomerName":"Cutter Lawn Mower Repair"},{"ShopName":"Shop1","Quantity":442,"Product":"Product 41","CustomerName":"Rythmics Ltd."},{"ShopName":"Shop1","Quantity":425,"Product":"Product 24","CustomerName":"Darcy Frame and Matting Servic"},{"ShopName":"Shop1","Quantity":691,"Product":"Product 38","CustomerName":"Rythmics Ltd."},{"ShopName":"Shop1","Quantity":769,"Product":"Product 14","CustomerName":"Cutter Lawn Mower Repair"},{"ShopName":"Shop1","Quantity":215,"Product":"Product 18","CustomerName":"Facelift Kitchen and Bath"},{"ShopName":"Shop1","Quantity":457,"Product":"Product 3","CustomerName":"BBQ Smith's Tex Mex"},{"ShopName":"Shop1","Quantity":431,"Product":"Product 7","CustomerName":"Air Mexico"},{"ShopName":"Shop1","Quantity":225,"Product":"Product 9","CustomerName":"New Dehli Auto Exchange"},{"ShopName":"Shop1","Quantity":58,"Product":"Product 2","CustomerName":"Truck-X Muffler Repair"},{"ShopName":"Shop1","Quantity":585,"Product":"Product 39","CustomerName":"Glenwood Credit Union"},{"ShopName":"Shop1","Quantity":663,"Product":"Product 30","CustomerName":"Quad City Cleaning"},{"ShopName":"Shop1","Quantity":405,"Product":"Product 40","CustomerName":"Yale Remins Temp Agency"},{"ShopName":"Shop1","Quantity":496,"Product":"Product 27","CustomerName":"Shaggy's Grooming Services"},{"ShopName":"Shop1","Quantity":424,"Product":"Product 20","CustomerName":"North West Gas Co."},{"ShopName":"Shop1","Quantity":500,"Product":"Product 21","CustomerName":"Cotton Thumb Ltd."},{"ShopName":"Shop1","Quantity":470,"Product":"Product 9","CustomerName":"Green Bay Travel Services"},{"ShopName":"Shop1","Quantity":606,"Product":"Product 2","CustomerName":"Green Bay Travel Services"},{"ShopName":"Shop1","Quantity":958,"Product":"Product 39","CustomerName":"Trapezoid Studios"},{"ShopName":"Shop1","Quantity":297,"Product":"Product 41","CustomerName":"Glenn Oaks Office Supplies"},{"ShopName":"Shop1","Quantity":585,"Product":"Product 39","CustomerName":"Metro Appliance Service"},{"ShopName":"Shop1","Quantity":817,"Product":"Product 8","CustomerName":"Parties Galore Golf Course"},{"ShopName":"Shop1","Quantity":476,"Product":"Product 24","CustomerName":"Glenwood Credit Union"},{"ShopName":"Shop1","Quantity":286,"Product":"Product 44","CustomerName":"Park District Of America"},{"ShopName":"Shop1","Quantity":138,"Product":"Product 4","CustomerName":"DBN Bank"},{"ShopName":"Shop1","Quantity":720,"Product":"Product 5","CustomerName":"Acturial Enterprises Ltd."},{"ShopName":"Shop1","Quantity":216,"Product":"Product 31","CustomerName":"Acturial Enterprises Ltd."},{"ShopName":"Shop1","Quantity":362,"Product":"Product 28","CustomerName":"Shaggy's Grooming Services"},{"ShopName":"Shop1","Quantity":290,"Product":"Product 19","CustomerName":"Quad City Cleaning"},{"ShopName":"Shop1","Quantity":792,"Product":"Product 24","CustomerName":"Keyth Contracting and Repair"},{"ShopName":"Shop1","Quantity":945,"Product":"Product 39","CustomerName":"New Dehli Auto Exchange"},{"ShopName":"Shop1","Quantity":485,"Product":"Product 35","CustomerName":"Yale Remins Temp Agency"},{"ShopName":"Shop1","Quantity":990,"Product":"Product 22","CustomerName":"Shaggy's Grooming Services"},{"ShopName":"Shop1","Quantity":569,"Product":"Product 2","CustomerName":"Nyman Interior Design"},{"ShopName":"Shop1","Quantity":761,"Product":"Product 38","CustomerName":"Shaggy's Grooming Services"},{"ShopName":"Shop1","Quantity":392,"Product":"Product 28","CustomerName":"Green Bay Travel Services"},{"ShopName":"Shop1","Quantity":256,"Product":"Product 20","CustomerName":"Car Suite Cleaners"},{"ShopName":"Shop1","Quantity":340,"Product":"Product 36","CustomerName":"Nitelites Party Rental"},{"ShopName":"Shop1","Quantity":69,"Product":"Product 48","CustomerName":"Yale Remins Temp Agency"},{"ShopName":"Shop1","Quantity":551,"Product":"Product 48","CustomerName":"Childress Child Day Care"},{"ShopName":"Shop1","Quantity":930,"Product":"Product 10","CustomerName":"Mergenthaler Inc."},{"ShopName":"Shop1","Quantity":221,"Product":"Product 9","CustomerName":"Brand Y Creative Services"},{"ShopName":"Shop1","Quantity":508,"Product":"Product 27","CustomerName":"Parkway Auto Body"},{"ShopName":"Shop1","Quantity":950,"Product":"Product 12","CustomerName":"Childress Child Day Care"},{"ShopName":"Shop1","Quantity":482,"Product":"Product 44","CustomerName":"Resnick DDS"},{"ShopName":"Shop1","Quantity":450,"Product":"Product 48","CustomerName":"Park District Of America"},{"ShopName":"Shop1","Quantity":360,"Product":"Product 14","CustomerName":"janice Mann Accounting Service"},{"ShopName":"Shop1","Quantity":822,"Product":"Product 1","CustomerName":"Johnson, Erico & Co CPA's"},{"ShopName":"Shop1","Quantity":867,"Product":"Product 32","CustomerName":"Elm Place Business Supplies"},{"ShopName":"Shop1","Quantity":901,"Product":"Product 36","CustomerName":"Quad City Cleaning"},{"ShopName":"Shop1","Quantity":252,"Product":"Product 27","CustomerName":"Yale Remins Temp Agency"},{"ShopName":"Shop1","Quantity":795,"Product":"Product 12","CustomerName":"Nyman Interior Design"},{"ShopName":"Shop1","Quantity":334,"Product":"Product 43","CustomerName":"Hibbard Road Suppliers"},{"ShopName":"Shop1","Quantity":222,"Product":"Product 21","CustomerName":"Caranisco Homes"},{"ShopName":"Shop1","Quantity":4,"Product":"Product 7","CustomerName":"Elle Hypnosis and Therapy Cent"},{"ShopName":"Shop1","Quantity":704,"Product":"Product 7","CustomerName":"Crossroads Construction, Inc."},{"ShopName":"Shop1","Quantity":285,"Product":"Product 37","CustomerName":"Dean Barnett Furniture Repair"},{"ShopName":"Shop1","Quantity":368,"Product":"Product 32","CustomerName":"Gordon & Son Brockerage Ltd."},{"ShopName":"Shop1","Quantity":248,"Product":"Product 25","CustomerName":"Crossroads Construction, Inc."},{"ShopName":"Shop1","Quantity":976,"Product":"Product 30","CustomerName":"Hibbard Road Suppliers"},{"ShopName":"Shop1","Quantity":457,"Product":"Product 34","CustomerName":"Terrinni & Son Auto and Truck"},{"ShopName":"Shop1","Quantity":223,"Product":"Product 39","CustomerName":"Shaggy's Grooming Services"},{"ShopName":"Shop1","Quantity":595,"Product":"Product 30","CustomerName":"New Dehli Auto Exchange"},{"ShopName":"Shop1","Quantity":882,"Product":"Product 12","CustomerName":"Hi-Land Art & Frame"},{"ShopName":"Shop1","Quantity":352,"Product":"Product 44","CustomerName":"Yale Remins Temp Agency"},{"ShopName":"Shop1","Quantity":761,"Product":"Product 23","CustomerName":"Highland Heights Gift Shop"},{"ShopName":"Shop1","Quantity":896,"Product":"Product 14","CustomerName":"Acturial Enterprises Ltd."},{"ShopName":"Shop1","Quantity":500,"Product":"Product 15","CustomerName":"Resnick DDS"},{"ShopName":"Shop1","Quantity":124,"Product":"Product 11","CustomerName":"Bill's Dive Shop"},{"ShopName":"Shop1","Quantity":965,"Product":"Product 39","CustomerName":"George Lee Antiques"},{"ShopName":"Shop1","Quantity":518,"Product":"Product 7","CustomerName":"Yale Remins Temp Agency"},{"ShopName":"Shop1","Quantity":26,"Product":"Product 25","CustomerName":"Truck-X Muffler Repair"},{"ShopName":"Shop1","Quantity":783,"Product":"Product 44","CustomerName":"PGS Associates"},{"ShopName":"Shop1","Quantity":630,"Product":"Product 35","CustomerName":"Resnick DDS"},{"ShopName":"Shop1","Quantity":682,"Product":"Product 28","CustomerName":"Lee Stairworks and Carpentry,"},{"ShopName":"Shop1","Quantity":912,"Product":"Product 42","CustomerName":"Gourmet the Frog"},{"ShopName":"Shop1","Quantity":179,"Product":"Product 50","CustomerName":"Park District Of America"},{"ShopName":"Shop1","Quantity":400,"Product":"Product 42","CustomerName":"Quad City Cleaning"},{"ShopName":"Shop1","Quantity":940,"Product":"Product 10","CustomerName":"Air Mexico"}]}