1;Product 1
2;Product 2
3;Product 3
4;Product 4
5;Product 5
6;Product 6
7;Product 7
8;Product 8
9;Product 9
10;Product 10
11;Product 11
12;Product 12
13;Product 13
14;Product 14
15;Product 15
16;Product 16
17;Product 17
18;Product 18
19;Product 19
20;Product 20
21;Product 21
22;Product 22
23;Product 23
24;Product 24
25;Product 25
26;Product 26
27;Product 27
28;Product 28
29;Product 29
30;Product 30
31;Product 31
32;Product 32
33;Product 33
34;Product 34
35;Product 35
36;Product 36
37;Product 37
38;Product 38
39;Product 39
40;Product 40
41;Product 41
42;Product 42
43;Product 43
44;Product 44
45;Product 45
46;Product 46
47;Product 47
48;Product 48
49;Product 49
50;Product 50
